client_id,first_name,last_name,email,phone,pan,date_of_birth,city,segment,risk_profile,primary_advisor_id,onboarded_date,updated_at
1001,Aarav,Shah,aarav.shah1001@mail-example.in,+91-9447712782,ENWPB2186T,1955-01-01,Mumbai,RETAIL,CONSERVATIVE,201,2016-01-01,2026-07-31 18:00:00
1002,Diya,Gupta,diya.gupta1002@mail-example.in,+91-9492655486,UBSPG1614C,1956-02-02,Bangalore,UHNI,AGGRESSIVE,204,2017-02-02,2026-07-31 18:00:00
1003,Rohan,Verma,rohan.verma1003@mail-example.in,+91-9549008934,CHCPT7955B,1957-03-03,Delhi,HNI,MODERATE,205,2018-03-03,2026-07-31 18:00:00
1004,Ananya,Iyer,ananya.iyer1004@mail-example.in,+91-9339701014,WWUPB7499B,1958-04-04,Chennai,RETAIL,CONSERVATIVE,207,2019-04-04,2026-07-31 18:00:00
1005,Kabir,Menon,kabir.menon1005@mail-example.in,+91-9150017772,TEKPP3363T,1959-05-05, chennai ,UHNI,AGGRESSIVE,201,2020-05-05,2026-07-31 18:00:00
1006,Isha,Agarwal,isha.agarwal1006@mail-example.in,+91-9713013910,KTXPF2688U,1960-06-06,Bangalore,HNI,MODERATE,203,2021-06-06,2026-07-31 18:00:00
1007,Vihaan,Mehta,vihaan.mehta1007@mail-example.in,+91-9499858816,DTYPC1976V,1961-07-07,Delhi,RETAIL,CONSERVATIVE,205,2022-07-07,2026-07-31 18:00:00
1008,Meera,Desai,meera.desai1008@mail-example.in,+91-9633021001,XTPPL8628U,1962-08-08,Chennai,UHNI,AGGRESSIVE,208,2023-08-08,2026-07-31 18:00:00
1009,Aditya,Sinha,aditya.sinha1009@mail-example.in,+91-9488246102,KHFPY4999C,1963-09-09,Mumbai,HNI,MODERATE,202,2024-09-09,2026-07-31 18:00:00
1010,Sneha,Rao,sneha.rao1010@mail-example.in,+91-9663925448,RLZPQ5717V,1964-10-10,Bangalore,RETAIL,CONSERVATIVE,203,2016-10-10,2026-07-31 18:00:00
1011,Arnav,Pillai,arnav.pillai1011@mail-example.in,+91-9226772164,SPFPL3490R,1965-11-11,Delhi,UHNI,AGGRESSIVE,206,2017-11-11,2026-07-31 18:00:00
1012,Kavya,Patil,kavya.patil1012@mail-example.in,+91-9142098469,XCTPU6140L,1966-12-12,Chennai,HNI,moderate,208,2018-12-12,2026-07-31 18:00:00
1013,Reyansh,Nair,reyansh.nair1013@mail-example.in,+91-9738199795,RUQPC2533J,1967-01-13,Mumbai,RETAIL,CONSERVATIVE,202,2019-01-13,2026-07-31 18:00:00
1014,Tara,Chopra,tara.chopra1014@mail-example.in,+91-9848443217,XCBPZ6072W,1968-02-14,Bangalore,UHNI,AGGRESSIVE,204,2020-02-14,2026-07-31 18:00:00
1015,Ishaan,Ghosh,ishaan.ghosh1015@mail-example.in,+91-9405582123,YNXPM1369Q,1969-03-15,Delhi,HNI,MODERATE,206,2021-03-15,2026-07-31 18:00:00
1016,Riya,Kapoor,riya.kapoor1016@mail-example.in,+91-9280440569,VDRPB4575K,1970-04-16,Chennai,RETAIL,CONSERVATIVE,207,2022-04-16,2026-07-31 18:00:00
1017,Dhruv,Bhat,dhruv.bhat1017@mail-example.in,+91-9892811641,HNNPR2320F,1971-05-17,Mumbai,UHNI,AGGRESSIVE,202,2023-05-17,2026-07-31 18:00:00
1018,Nisha,Dutta,nisha.dutta1018@mail-example.in,+91-9531262237,TJEPP5561Y,1972-06-18,Bangalore,HNI,MODERATE,204,2024-06-18,2026-07-31 18:00:00
1019,Yash,Reddy,yash.reddy1019@mail-example.in,+91-9485227600,XNHPE2359F,1973-07-19,Delhi,RETAIL,CONSERVATIVE,205,2016-07-19,2026-07-31 18:00:00
1020,Anika,Saxena,anika.saxena1020@mail-example.in,+91-9349061789,XHAPR3987J,1974-08-20,Chennai,UHNI,AGGRESSIVE,208,2017-08-20,2026-07-31 18:00:00
1021,Aarav,Shah,aarav.shah1021@mail-example.in,+91-9104395478,EPTPM6220E,1975-09-21,Mumbai,HNI,MODERATE,201,2018-09-21,2026-07-31 18:00:00
1022,Diya,Gupta,diya.gupta1022@mail-example.in,+91-9590317463,XTNPN7536N,1976-10-22,Bangalore,RETAIL,CONSERVATIVE,203,2019-10-22,2026-07-31 18:00:00
1023,Rohan,Verma,rohan.verma1023@mail-example.in,+91-9617031191,WNBPG2103G,1977-11-23,Delhi,UHNI,AGGRESSIVE,206,2020-11-23,2026-07-31 18:00:00
1024,Ananya,Iyer,ananya.iyer1024@mail-example.in,+91-9274271721,DLVPB2677A,1978-12-24,Chennai,HNI,MODERATE,207,2021-12-24,2026-07-31 18:00:00
1025,Kabir,Menon,kabir.menon1025@mail-example.in,+91-9676189932,DMVPA2152G,1979-01-25,Mumbai,RETAIL,CONSERVATIVE,202,2022-01-25,2026-07-31 18:00:00
1026,Isha,Agarwal,isha.agarwal1026@mail-example.in,+91-9259504871,WJMPV6966R,1980-02-26,Bangalore,UHNI,AGGRESSIVE,203,2023-02-26,2026-07-31 18:00:00
1027,Vihaan,Mehta,vihaan.mehta1027@mail-example.in,+91-9223859888,RQRPR6109C,1981-03-27,Delhi,HNI,MODERATE,205,2024-03-27,2026-07-31 18:00:00
1028,Meera,Desai,meera.desai1028@mail-example.in,+91-9209723116,ZLZPJ8841Y,1982-04-28,Chennai,RETAIL,CONSERVATIVE,207,2016-04-01,2026-07-31 18:00:00
1029,Aditya,Sinha,aditya.sinha1029@mail-example.in,+91-9654409968,AGSPM3401Y,1983-05-01,Mumbai,UHNI,AGGRESSIVE,201,2017-05-02,2026-07-31 18:00:00
1030,Sneha,Rao,sneha.rao1030@mail-example.in,+91-9914049802,SKWPC5278S,1984-06-02,Bangalore,HNI,MODERATE,204,2018-06-03,2026-07-31 18:00:00
1031,Arnav,Pillai,arnav.pillai1031@mail-example.in,+91-9279360017,MHTPT9236L,1985-07-03,Delhi,RETAIL,CONSERVATIVE,205,2019-07-04,2026-07-31 18:00:00
1032,Kavya,Patil,kavya.patil1032@mail-example.in,+91-9758448788,GHNPZ4714G,1986-08-04,Chennai,UHNI,AGGRESSIVE,208,2020-08-05,2026-07-31 18:00:00
1033,Reyansh,Nair,reyansh.nair1033@mail-example.in,+91-9481782371,ZAAPJ8737J,1987-09-05,Mumbai,HNI,MODERATE,201,2021-09-06,2026-07-31 18:00:00
1034,Tara,Chopra,tara.chopra1034@mail-example.in,+91-9843589769,VMQPZ6726M,1988-10-06,Bangalore,RETAIL,CONSERVATIVE,203,2022-10-07,2026-07-31 18:00:00
1035,Ishaan,Ghosh,ishaan.ghosh1035@mail-example.in,+91-9336719616,DHRPG6533G,1989-11-07,Delhi,UHNI,AGGRESSIVE,206,2023-11-08,2026-07-31 18:00:00
1036,Riya,Kapoor,riya.kapoor1036@mail-example.in,+91-9770086184,VARPW6636W,1990-12-08,Chennai,HNI,MODERATE,207,2024-12-09,2026-07-31 18:00:00
1037,Dhruv,Bhat,dhruv.bhat1037@mail-example.in,+91-9996197331,XDNPY4265R,1991-01-09,Mumbai,RETAIL,CONSERVATIVE,201,2026-08-03,2026-08-03 18:00:00
1038,Nisha,Dutta,nisha.dutta1038@mail-example.in,+91-9565923499,WLCPZ7485Q,1992-02-10,Bangalore,UHNI,AGGRESSIVE,204,2026-08-06,2026-08-06 18:00:00
1039,Yash,Reddy,yash.reddy1039@mail-example.in,+91-9898168889,CZFPF3081A,1993-03-11,Delhi,HNI,MODERATE,205,2026-08-09,2026-08-09 18:00:00
1040,Anika,Saxena,anika.saxena1040@mail-example.in,+91-9734379873,QWEPV8771X,1994-04-12,Chennai,RETAIL,CONSERVATIVE,208,2026-08-12,2026-08-12 18:00:00
