ticker,price_date,open,high,low,close,volume
INFY,2026-08-31,1885.5,1895.29,1852.52,1874.08,79834
TCS,2026-08-31,4073.28,4102.64,4013.46,4030.71,360473
WIPRO,2026-08-31,616.73,620.2,613.95,618.04,35713
HDFCBANK,2026-08-31,1600.88,1604.81,1570.26,1576.13,95497
ICICIBANK,2026-08-31,1282.56,1287.81,1272.58,1276.28,264990
RELIANCE,2026-08-31,3112.75,3136.76,3092.35,3127.99,843011
ITC,2026-08-31,455.82,468.8,455.35,463.46,741447
HINDUNILVR,2026-08-31,2723.25,2747.23,2684.86,2704.15,720928
SUNPHARMA,2026-08-31,1789.64,1823.25,1783.25,1814.63,538480
LT,2026-08-31,3519.08,3528.98,3465.99,3492.13,797951
NIFTYBEES,2026-08-31,277.98,283.32,277.31,281.01,459393
BANKBEES,2026-08-31,515.33,518.07,513.5,517.89,537028
GOLDBEES,2026-08-31,59.2,59.36,57.92,58.41,278543
GSEC2033,2026-08-31,102.34,102.53,102.13,102.13,790272
LIQUIDBEES,2026-08-31,1018.17,1024.75,1016.25,1024.63,717618
INFY,2026-09-01,1874.08,1885.44,1861.03,1881.47,466498
TCS,2026-09-01,4030.71,4063.24,3884.57,3916.82,687026
WIPRO,2026-09-01,618.04,624.13,617.39,623.63,68098
HDFCBANK,2026-09-01,1576.13,1597.76,1543.71,1557.58,555429
ICICIBANK,2026-09-01,1276.28,1332.45,1274.89,1318.11,171508
RELIANCE,2026-09-01,3127.99,3200.1,3114.94,3193.12,711036
ITC,2026-09-01,463.46,465.74,457.33,459.86,571066
HINDUNILVR,2026-09-01,2704.15,2717.09,2629.32,2632.65,283792
SUNPHARMA,2026-09-01,1814.63,1857.89,1807.28,1836.81,327109
LT,2026-09-01,3492.13,3513.04,3429.15,3461.71,551024
NIFTYBEES,2026-09-01,281.01,290.99,279.99,290.28,536101
BANKBEES,2026-09-01,517.89,522.69,516.73,519.77,634938
GOLDBEES,2026-09-01,58.41,59.19,58.38,59.03,61996
GSEC2033,2026-09-01,102.13,102.25,101.71,101.88,437838
LIQUIDBEES,2026-09-01,1024.63,1027.53,1024.47,1027.48,219167
INFY,2026-09-02,1881.47,1907.31,1881.04,1894.73,545171
TCS,2026-09-02,3916.82,3946.37,3882.61,3901.33,666655
WIPRO,2026-09-02,623.63,636.22,620.54,631.32,107035
HDFCBANK,2026-09-02,1557.58,1561.08,1505.86,1520.11,500121
ICICIBANK,2026-09-02,1318.11,1321.86,1302.54,1311.42,462049
RELIANCE,2026-09-02,3193.12,3200.18,3078.89,3123.34,707569
ITC,2026-09-02,459.86,472.73,458.2,472.21,764628
HINDUNILVR,2026-09-02,2632.65,2657.5,2618.16,2656.76,462273
SUNPHARMA,2026-09-02,1836.81,1843.17,1822.46,1842.65,77270
LT,2026-09-02,3461.71,3489.05,3439.47,3439.85,884819
NIFTYBEES,2026-09-02,290.28,297.88,286.52,295.5,488159
BANKBEES,2026-09-02,519.77,524.42,511.12,513.18,642710
GOLDBEES,2026-09-02,59.03,59.52,57.13,57.55,452450
GSEC2033,2026-09-02,101.88,101.96,101.86,101.9,515129
LIQUIDBEES,2026-09-02,1027.48,1029.37,1027.33,1028.51,736975
INFY,2026-09-03,1894.73,1913.67,1863.09,1896.1,112420
TCS,2026-09-03,3901.33,3921.45,3881.28,3908.78,616628
WIPRO,2026-09-03,631.32,633.16,624.65,632.84,216513
HDFCBANK,2026-09-03,1520.11,1542.16,1519.85,1537.71,171833
ICICIBANK,2026-09-03,1311.42,1311.87,1282.46,1285.94,679159
RELIANCE,2026-09-03,3123.34,3131.76,3060.24,3080.61,75218
ITC,2026-09-03,472.21,472.31,460.77,461.21,35445
HINDUNILVR,2026-09-03,2656.76,2715.32,2644.14,2697.45,347674
SUNPHARMA,2026-09-03,1842.65,1843.58,1820.57,1827.67,895472
LT,2026-09-03,3439.85,3440.52,3406.65,3426.27,480035
NIFTYBEES,2026-09-03,295.5,300.54,295.28,299.39,856093
BANKBEES,2026-09-03,513.18,531.45,510.09,525.78,520131
GOLDBEES,2026-09-03,57.55,59.25,57.12,58.74,305192
GSEC2033,2026-09-03,101.9,102.24,101.89,102.05,702567
LIQUIDBEES,2026-09-03,1028.51,1031.02,1025.74,1030.18,368169
INFY,2026-09-04,1896.1,1939.0,1889.08,1924.3,893070
TCS,2026-09-04,3908.78,3923.64,3883.7,3913.95,278066
WIPRO,2026-09-04,632.84,637.21,617.36,624.29,866705
HDFCBANK,2026-09-04,1537.71,1552.27,1508.71,1513.24,357144
ICICIBANK,2026-09-04,1285.94,1294.67,1272.13,1285.28,841129
RELIANCE,2026-09-04,3080.61,3117.18,3034.46,3044.3,871184
ITC,2026-09-04,461.21,482.22,456.29,476.05,855987
HINDUNILVR,2026-09-04,2697.45,2784.82,2672.5,2775.21,544262
SUNPHARMA,2026-09-04,1827.67,1831.78,1803.06,1823.04,230166
LT,2026-09-04,3426.27,3434.63,3367.59,3401.99,265400
NIFTYBEES,2026-09-04,299.39,300.01,296.66,299.08,287108
BANKBEES,2026-09-04,525.78,533.06,525.54,532.65,423674
GOLDBEES,2026-09-04,58.74,58.78,58.23,58.46,264178
GSEC2033,2026-09-04,102.05,102.2,101.51,101.62,292149
LIQUIDBEES,2026-09-04,1030.18,1034.86,1028.14,1033.62,218339
