account_id,client_id,account_type,currency,status,opened_date,closed_date,branch_id,updated_at
50001,1001,RETIREMENT,INR,ACTIVE,2016-01-01,,10,2026-07-31 18:00:00
50002,1002,BROKERAGE,INR,ACTIVE,2017-02-02,,20,2026-07-31 18:00:00
50003,1003,BROKERAGE,INR,ACTIVE,2018-03-03,,30,2026-07-31 18:00:00
50004,1003,RETIREMENT,INR,ACTIVE,2019-04-07,,30,2026-07-31 18:00:00
50005,1004,RETIREMENT,INR,ACTIVE,2019-04-04,,40,2026-07-31 18:00:00
50006,1005,BROKERAGE,INR,ACTIVE,2020-05-05,,40,2026-07-31 18:00:00
50007,1006,RETIREMENT,INR,CLOSED,2021-06-06,2025-12-31,20,2026-07-31 18:00:00
50008,1007,RETIREMENT,INR,ACTIVE,2022-07-07,,30,2026-07-31 18:00:00
50009,1008,ADVISORY,INR,ACTIVE,2023-08-08,,40,2026-07-31 18:00:00
50010,1008,ADVISORY,INR,ACTIVE,2024-09-11,,40,2026-07-31 18:00:00
50011,1009,PMS,INR,ACTIVE,2024-09-09,,10,2026-07-31 18:00:00
50012,1009,RETIREMENT,INR,ACTIVE,2025-10-14,,10,2026-07-31 18:00:00
50013,1010,ADVISORY,INR,ACTIVE,2016-10-10,,20,2026-07-31 18:00:00
50014,1011,PMS,INR,ACTIVE,2017-11-11,,30,2026-07-31 18:00:00
50015,1012,RETIREMENT,INR,ACTIVE,2018-12-12,,40,2026-07-31 18:00:00
50016,1012,RETIREMENT,INR,ACTIVE,2020-01-16,,40,2026-07-31 18:00:00
50017,1013,BROKERAGE,INR,ACTIVE,2019-01-13,,10,2026-07-31 18:00:00
50018,1013,PMS,INR,ACTIVE,2020-02-17,,10,2026-07-31 18:00:00
50019,1014,BROKERAGE,INR,ACTIVE,2020-02-14,,20,2026-07-31 18:00:00
50020,1015,RETIREMENT,INR,ACTIVE,2021-03-15,,30,2026-07-31 18:00:00
50021,1016,PMS,INR,CLOSED,2022-04-16,2025-12-31,40,2026-07-31 18:00:00
50022,1017,BROKERAGE,INR,ACTIVE,2023-05-17,,10,2026-07-31 18:00:00
50023,1017,BROKERAGE,INR,ACTIVE,2024-06-20,,10,2026-07-31 18:00:00
50024,1018,PMS,INR,ACTIVE,2024-06-18,,20,2026-07-31 18:00:00
50025,1019,BROKERAGE,INR,ACTIVE,2016-07-19,,30,2026-07-31 18:00:00
50026,1020,RETIREMENT,INR,ACTIVE,2017-08-20,,40,2026-07-31 18:00:00
50027,1021,BROKERAGE,INR,ACTIVE,2018-09-21,,10,2026-07-31 18:00:00
50028,1022,PMS,INR,ACTIVE,2019-10-22,,20,2026-07-31 18:00:00
50029,1023,BROKERAGE,INR,ACTIVE,2020-11-23,,30,2026-07-31 18:00:00
50030,1023,BROKERAGE,INR,ACTIVE,2021-12-28,,30,2026-07-31 18:00:00
50031,1024,ADVISORY,INR,ACTIVE,2021-12-24,,40,2026-07-31 18:00:00
50032,1025,RETIREMENT,INR,ACTIVE,2022-01-25,,10,2026-07-31 18:00:00
50033,1025,ADVISORY,INR,ACTIVE,2023-03-01,,10,2026-07-31 18:00:00
50034,1026,PMS,INR,ACTIVE,2023-02-26,,20,2026-07-31 18:00:00
50035,1027,RETIREMENT,INR,ACTIVE,2024-03-27,,30,2026-07-31 18:00:00
50036,1027,ADVISORY,INR,ACTIVE,2025-05-01,,30,2026-07-31 18:00:00
50037,1028,RETIREMENT,INR,ACTIVE,2016-04-01,,40,2026-07-31 18:00:00
50038,1028,PMS,INR,ACTIVE,2017-05-06,,40,2026-07-31 18:00:00
50039,1029,PMS,INR,ACTIVE,2017-05-02,,10,2026-07-31 18:00:00
50040,1030,PMS,INR,ACTIVE,2018-06-03,,20,2026-07-31 18:00:00
50041,1031,ADVISORY,INR,ACTIVE,2019-07-04,,30,2026-07-31 18:00:00
50042,1032,RETIREMENT,INR,ACTIVE,2020-08-05,,40,2026-07-31 18:00:00
50043,1033,BROKERAGE,INR,ACTIVE,2021-09-06,,10,2026-07-31 18:00:00
50044,1034,ADVISORY,INR,ACTIVE,2022-10-07,,20,2026-07-31 18:00:00
50045,1035,RETIREMENT,INR,ACTIVE,2023-11-08,,30,2026-07-31 18:00:00
50046,1036,ADVISORY,INR,ACTIVE,2024-12-09,,40,2026-07-31 18:00:00
50047,1036,RETIREMENT,INR,ACTIVE,2026-01-13,,40,2026-07-31 18:00:00
50048,1037,ADVISORY,INR,ACTIVE,2026-08-10,,10,2026-08-10 18:00:00
50049,1038,RETIREMENT,INR,ACTIVE,2026-08-12,,20,2026-08-12 18:00:00
50050,1039,PMS,INR,ACTIVE,2026-08-17,,30,2026-08-17 18:00:00
50051,1040,RETIREMENT,INR,ACTIVE,2026-08-18,,40,2026-08-18 18:00:00
