txn_id,account_id,txn_type,ticker,quantity,price,amount,fees,channel,order_type,txn_ts,settle_date,status
900001,50001,BUY,ITC,10,474.25,,1.42,BRANCH,LIMIT,2026-08-03 15:31:38,2026-08-04,SETTLED
900002,50003,BUY,RELIANCE,77,2907.85,,67.17,ONLINE,MARKET,2026-08-03 12:39:45,2026-08-04,SETTLED
900003,50005,BUY,WIPRO,72,548.7,,11.85,BRANCH,MARKET,2026-08-03 15:23:27,2026-08-04,SETTLED
900004,50008,BUY,LT,78,3588.38,,83.97,BRANCH,LIMIT,2026-08-03 15:45:30,2026-08-04,SETTLED
900005,50013,BUY,INFY,76,1881.67,,42.9,BRANCH,LIMIT,2026-08-03 10:40:14,2026-08-04,SETTLED
900006,50031,BUY,ITC,57,476.59,,8.15,ONLINE,MARKET,2026-08-03 09:16:01,2026-08-04,SETTLED
900007,50033,BUY,GOLDBEES,59,62.0,,1.1,ADVISOR_DESK,MARKET,2026-08-03 10:36:50,2026-08-04,SETTLED
900008,50044,BUY,GSEC2033,22,102.08,,0.67,ONLINE,MARKET,2026-08-03 15:07:09,2026-08-04,SETTLED
900009,50045,BUY,LIQUIDBEES,43,998.15,,12.88,BRANCH,LIMIT,2026-08-03 09:48:10,2026-08-04,SETTLED
900010,50003,BUY,NIFTYBEES,6,260.46,,0.47,ONLINE,LIMIT,2026-08-04 13:27:44,2026-08-05,SETTLED
900011,50004,BUY,LIQUIDBEES,45,1000.53,,13.51,ONLINE,MARKET,2026-08-04 12:08:33,2026-08-05,SETTLED
900012,50005,BUY,NIFTYBEES,74,260.63,,5.79,ONLINE,LIMIT,2026-08-04 13:22:53,2026-08-05,SETTLED
900013,50008,BUY,LIQUIDBEES,33,1004.54,,9.94,ONLINE,MARKET,2026-08-04 09:16:17,2026-08-05,SETTLED
900014,50009,BUY,SUNPHARMA,11,1777.07,,5.86,BRANCH,LIMIT,2026-08-04 11:00:20,2026-08-05,SETTLED
900015,50017,BUY,NIFTYBEES,5,260.77,,0.39,BRANCH,LIMIT,2026-08-04 14:39:46,2026-08-05,SETTLED
900016,50018,BUY,HDFCBANK,19,1630.51,,9.29,ONLINE,LIMIT,2026-08-04 14:03:25,2026-08-05,SETTLED
900017,50022,WITHDRAWAL,,,,100000,0,ADVISOR_DESK,,2026-08-04 13:21:37,2026-08-05,SETTLED
900018,50026,BUY,SUNPHARMA,39,1779.25,,20.82,BRANCH,LIMIT,2026-08-04 09:40:51,2026-08-05,SETTLED
900019,50027,BUY,LT,38,3572.31,,40.72,BRANCH,MARKET,2026-08-04 13:37:30,2026-08-05,SETTLED
900020,50030,BUY,WIPRO,51,559.59,,8.56,ONLINE,MARKET,2026-08-04 15:42:29,2026-08-05,SETTLED
900021,50042,BUY,SUNPHARMA,24,1772.78,,12.76,BRANCH,MARKET,2026-08-04 12:33:42,2026-08-05,SETTLED
900022,50045,BUY,LT,38,3567.92,,40.67,BRANCH,MARKET,2026-08-04 14:34:17,2026-08-05,SETTLED
900023,50002,BUY,GOLDBEES,42,61.92,,0.78,ONLINE,MARKET,2026-08-05 14:28:24,2026-08-06,SETTLED
900024,50015,BUY,LT,77,3592.43,,82.99,ADVISOR_DESK,MARKET,2026-08-05 12:30:11,2026-08-06,SETTLED
900025,50023,BUY,HDFCBANK,14,1644.6,,6.91,ONLINE,MARKET,2026-08-05 12:05:54,2026-08-06,SETTLED
900026,50030,BUY,RELIANCE,29,2955.18,,25.71,ONLINE,MARKET,2026-08-05 13:17:33,2026-08-06,SETTLED
900027,50034,BUY,ICICIBANK,36,1274.48,,13.76,BRANCH,MARKET,2026-08-05 11:12:08,2026-08-06,SETTLED
900028,50040,BUY,RELIANCE,6,2955.45,,5.32,BRANCH,MARKET,2026-08-05 09:17:14,2026-08-06,SETTLED
900029,50045,BUY,ITC,20,460.14,,2.76,ADVISOR_DESK,MARKET,2026-08-05 10:00:59,2026-08-06,SETTLED
900030,50047,BUY,BANKBEES,42,513.14,,6.47,ONLINE,LIMIT,2026-08-05 10:49:58,2026-08-06,SETTLED
900031,50002,BUY,TCS,11,4158.3,,13.72,BRANCH,LIMIT,2026-08-06 14:57:28,2026-08-07,SETTLED
900032,50003,BUY,INFY,22,1865.22,,12.31,BRANCH,MARKET,2026-08-06 15:14:55,2026-08-07,SETTLED
900033,50005,BUY,LIQUIDBEES,38,993.36,,11.32,ONLINE,MARKET,2026-08-06 15:42:14,2026-08-07,SETTLED
900034,50006,BUY,ITC,24,466.69,,3.36,ONLINE,MARKET,2026-08-06 10:29:09,2026-08-07,SETTLED
900035,50009,BUY,GSEC2033,50,101.69,,1.53,ONLINE,MARKET,2026-08-06 11:31:22,2026-08-07,SETTLED
900036,50014,BUY,HINDUNILVR,39,2616.27,,30.61,BRANCH,MARKET,2026-08-06 09:37:38,2026-08-07,SETTLED
900037,50015,BUY,HDFCBANK,24,1636.53,,11.78,ONLINE,MARKET,2026-08-06 11:22:28,2026-08-07,SETTLED
900038,50017,BUY,GSEC2033,43,102.11,,1.32,ADVISOR_DESK,LIMIT,2026-08-06 09:47:35,2026-08-07,SETTLED
900039,50018,BUY,ITC,64,465.0,,8.93,ONLINE,MARKET,2026-08-06 12:41:44,2026-08-07,SETTLED
900040,50022,BUY,WIPRO,16,570.61,,2.74,ADVISOR_DESK,LIMIT,2026-08-06 11:09:16,2026-08-07,SETTLED
900041,50025,BUY,HINDUNILVR,36,2606.8,,28.15,ONLINE,LIMIT,2026-08-06 13:16:23,2026-08-07,SETTLED
900042,50029,BUY,TCS,6,4150.59,,7.47,ADVISOR_DESK,MARKET,2026-08-06 15:50:44,2026-08-07,SETTLED
900043,50035,BUY,LT,32,3558.06,,34.16,ONLINE,LIMIT,2026-08-06 15:15:04,2026-08-07,SETTLED
900044,50043,BUY,BANKBEES,70,517.7,,10.87,BRANCH,MARKET,2026-08-06 15:08:13,2026-08-07,SETTLED
900045,50044,BUY,RELIANCE,13,2951.53,,11.51,ONLINE,MARKET,2026-08-06 12:33:49,2026-08-07,SETTLED
900046,50045,BUY,LT,30,3571.59,,32.14,BRANCH,MARKET,2026-08-06 15:26:05,2026-08-07,SETTLED
900047,50011,BUY,GOLDBEES,37,62.63,,0.7,ONLINE,MARKET,2026-08-07 10:37:29,2026-08-10,SETTLED
900048,50014,BUY,NIFTYBEES,55,262.12,,4.32,BRANCH,LIMIT,2026-08-07 15:24:25,2026-08-10,SETTLED
900049,50015,BUY,NIFTYBEES,48,261.92,,3.77,BRANCH,MARKET,2026-08-07 09:19:31,2026-08-10,SETTLED
900050,50022,BUY,RELIANCE,16,2939.67,,14.11,ADVISOR_DESK,MARKET,2026-08-07 12:42:34,2026-08-10,SETTLED
900051,50023,BUY,NIFTYBEES,10,261.46,,0.78,ADVISOR_DESK,MARKET,2026-08-07 11:21:09,2026-08-10,SETTLED
900052,50024,BUY,LIQUIDBEES,55,993.57,,16.39,ONLINE,MARKET,2026-08-07 15:53:10,2026-08-10,SETTLED
900053,50025,BUY,GSEC2033,27,102.0,,0.83,ADVISOR_DESK,MARKET,2026-08-07 13:51:42,2026-08-10,SETTLED
900054,50042,BUY,RELIANCE,66,2924.63,,57.91,ONLINE,MARKET,2026-08-07 10:37:58,2026-08-10,SETTLED
900055,50043,BUY,ITC,27,473.18,,3.83,BRANCH,LIMIT,2026-08-07 14:48:15,2026-08-10,SETTLED
900056,50001,DIVIDEND,ITC,,,65.0,0,ONLINE,,2026-08-07 14:23:44,2026-08-10,SETTLED
900057,50013,DIVIDEND,INFY,,,494.0,0,ONLINE,,2026-08-07 11:20:10,2026-08-10,SETTLED
900058,50031,DIVIDEND,ITC,,,370.5,0,ONLINE,,2026-08-07 15:36:31,2026-08-10,SETTLED
900059,50045,DIVIDEND,ITC,,,130.0,0,ONLINE,,2026-08-07 15:03:50,2026-08-10,SETTLED
900060,50003,DIVIDEND,INFY,,,143.0,0,ONLINE,,2026-08-07 13:22:57,2026-08-10,SETTLED
900061,50006,DIVIDEND,ITC,,,156.0,0,ONLINE,,2026-08-07 10:12:33,2026-08-10,SETTLED
900062,50018,DIVIDEND,ITC,,,416.0,0,ONLINE,,2026-08-07 15:56:03,2026-08-10,SETTLED
900063,50043,DIVIDEND,ITC,,,175.5,0,ONLINE,,2026-08-07 10:19:47,2026-08-10,SETTLED
