ticker,price_date,close_price
INFY,2026-08-03,1864.36
INFY,2026-08-04,1874.33
INFY,2026-08-05,1852.13
INFY,2026-08-06,1836.0
INFY,2026-08-07,1829.66
INFY,2026-08-10,1797.22
INFY,2026-08-11,1777.51
INFY,2026-08-12,1789.68
INFY,2026-08-13,1782.94
INFY,2026-08-14,1826.32
INFY,2026-08-17,1827.95
INFY,2026-08-18,1815.95
INFY,2026-08-19,1801.31
INFY,2026-08-20,1810.36
INFY,2026-08-21,1819.24
INFY,2026-08-24,1856.34
INFY,2026-08-25,1874.71
INFY,2026-08-26,1888.82
INFY,2026-08-27,1876.6
INFY,2026-08-28,1893.55
INFY,2026-08-31,1893.88
INFY,2026-09-01,1901.57
INFY,2026-09-02,1891.12
INFY,2026-09-03,1895.02
INFY,2026-09-04,1904.1
INFY,2026-09-07,1900.71
INFY,2026-09-08,1893.06
INFY,2026-09-09,1924.81
INFY,2026-09-10,1942.23
INFY,2026-09-11,1928.64
TCS,2026-08-03,4108.68
TCS,2026-08-04,4128.24
TCS,2026-08-05,4085.16
TCS,2026-08-06,4015.56
TCS,2026-08-07,4111.91
TCS,2026-08-10,4104.97
TCS,2026-08-11,4139.22
TCS,2026-08-12,4105.15
TCS,2026-08-13,4017.8
TCS,2026-08-14,4046.18
TCS,2026-08-17,4071.94
TCS,2026-08-18,4113.03
TCS,2026-08-19,4078.17
TCS,2026-08-20,4013.45
TCS,2026-08-21,4007.94
TCS,2026-08-24,3993.02
TCS,2026-08-25,3955.84
TCS,2026-08-26,3913.81
TCS,2026-08-27,3917.47
TCS,2026-08-28,3971.76
TCS,2026-08-31,3960.17
TCS,2026-09-01,4069.57
TCS,2026-09-02,4058.58
TCS,2026-09-03,4028.87
TCS,2026-09-04,3993.68
TCS,2026-09-07,4068.87
TCS,2026-09-08,4156.05
TCS,2026-09-09,4190.02
TCS,2026-09-10,4209.38
TCS,2026-09-11,4163.36
HDFCBANK,2026-08-03,1690.86
HDFCBANK,2026-08-04,1709.83
HDFCBANK,2026-08-05,1680.91
HDFCBANK,2026-08-06,1668.6
HDFCBANK,2026-08-07,1674.91
HDFCBANK,2026-08-10,1698.74
HDFCBANK,2026-08-11,1721.49
HDFCBANK,2026-08-12,1702.7
HDFCBANK,2026-08-13,1710.54
HDFCBANK,2026-08-14,1720.2
HDFCBANK,2026-08-17,1720.25
HDFCBANK,2026-08-18,1695.43
HDFCBANK,2026-08-19,1695.87
HDFCBANK,2026-08-20,1675.2
HDFCBANK,2026-08-21,1659.54
HDFCBANK,2026-08-24,1650.91
HDFCBANK,2026-08-25,1662.54
HDFCBANK,2026-08-26,1663.19
HDFCBANK,2026-08-27,1630.54
HDFCBANK,2026-08-28,1632.69
HDFCBANK,2026-08-31,1640.76
HDFCBANK,2026-09-01,1632.89
HDFCBANK,2026-09-02,1649.57
HDFCBANK,2026-09-03,1675.64
HDFCBANK,2026-09-04,1660.19
HDFCBANK,2026-09-07,1649.84
HDFCBANK,2026-09-08,1632.34
HDFCBANK,2026-09-09,1620.68
HDFCBANK,2026-09-10,1621.27
HDFCBANK,2026-09-11,1646.78
RELIANCE,2026-08-03,3001.48
RELIANCE,2026-08-04,2983.73
RELIANCE,2026-08-05,3041.2
RELIANCE,2026-08-06,3092.73
RELIANCE,2026-08-07,3094.63
RELIANCE,2026-08-10,3032.64
RELIANCE,2026-08-11,3017.87
RELIANCE,2026-08-12,3044.85
RELIANCE,2026-08-13,3047.98
RELIANCE,2026-08-14,3051.98
RELIANCE,2026-08-17,3043.32
RELIANCE,2026-08-18,2987.49
RELIANCE,2026-08-19,3048.78
RELIANCE,2026-08-20,3039.41
RELIANCE,2026-08-21,3023.65
RELIANCE,2026-08-24,3024.33
RELIANCE,2026-08-25,2976.67
RELIANCE,2026-08-26,2929.57
RELIANCE,2026-08-27,2907.65
RELIANCE,2026-08-28,2907.99
RELIANCE,2026-08-31,2894.9
RELIANCE,2026-09-01,2911.03
RELIANCE,2026-09-02,2988.13
RELIANCE,2026-09-03,2966.27
RELIANCE,2026-09-04,3009.7
RELIANCE,2026-09-07,2987.28
RELIANCE,2026-09-08,2971.36
RELIANCE,2026-09-09,2974.09
RELIANCE,2026-09-10,2907.99
RELIANCE,2026-09-11,2986.35
NIFTYBEES,2026-08-03,265.95
NIFTYBEES,2026-08-04,263.87
NIFTYBEES,2026-08-05,264.24
NIFTYBEES,2026-08-06,268.47
NIFTYBEES,2026-08-07,273.2
NIFTYBEES,2026-08-10,275.86
NIFTYBEES,2026-08-11,279.68
NIFTYBEES,2026-08-12,271.33
NIFTYBEES,2026-08-13,269.81
NIFTYBEES,2026-08-14,269.6
NIFTYBEES,2026-08-17,265.52
NIFTYBEES,2026-08-18,259.14
NIFTYBEES,2026-08-19,261.21
NIFTYBEES,2026-08-20,264.65
NIFTYBEES,2026-08-21,258.35
NIFTYBEES,2026-08-24,253.51
NIFTYBEES,2026-08-25,258.24
NIFTYBEES,2026-08-26,256.12
NIFTYBEES,2026-08-27,254.46
NIFTYBEES,2026-08-28,250.1
NIFTYBEES,2026-08-31,246.62
NIFTYBEES,2026-09-01,249.36
NIFTYBEES,2026-09-02,244.99
NIFTYBEES,2026-09-03,249.61
NIFTYBEES,2026-09-04,247.58
NIFTYBEES,2026-09-07,248.38
NIFTYBEES,2026-09-08,249.07
NIFTYBEES,2026-09-09,249.44
NIFTYBEES,2026-09-10,245.8
NIFTYBEES,2026-09-11,244.62
GOLDBEES,2026-08-03,63.2
GOLDBEES,2026-08-04,63.29
GOLDBEES,2026-08-05,63.59
GOLDBEES,2026-08-06,63.72
GOLDBEES,2026-08-07,64.42
GOLDBEES,2026-08-10,64.59
GOLDBEES,2026-08-11,64.0
GOLDBEES,2026-08-12,63.98
GOLDBEES,2026-08-13,63.06
GOLDBEES,2026-08-14,63.18
GOLDBEES,2026-08-17,62.95
GOLDBEES,2026-08-18,61.44
GOLDBEES,2026-08-19,60.98
GOLDBEES,2026-08-20,60.76
GOLDBEES,2026-08-21,60.06
GOLDBEES,2026-08-24,60.21
GOLDBEES,2026-08-25,61.12
GOLDBEES,2026-08-26,61.75
GOLDBEES,2026-08-27,61.32
GOLDBEES,2026-08-28,61.95
GOLDBEES,2026-08-31,62.14
GOLDBEES,2026-09-01,61.98
GOLDBEES,2026-09-02,61.4
GOLDBEES,2026-09-03,60.56
GOLDBEES,2026-09-04,61.68
GOLDBEES,2026-09-07,62.15
GOLDBEES,2026-09-08,62.29
GOLDBEES,2026-09-09,61.98
GOLDBEES,2026-09-10,62.34
GOLDBEES,2026-09-11,63.24
