txn_id,account_id,ticker,side,quantity,price,fees,txn_ts,status
500001,105,TCS,BUY,22,4107.14,27.11,2026-08-03 15:59:04,SETTLED
500002,105,NIFTYBEES,BUY,11,264.75,0.87,2026-08-03 13:53:00,SETTLED
500003,101,TCS,BUY,15,4104.83,18.47,2026-08-03 12:13:55,SETTLED
500004,105,INFY,BUY,15,1862.1,8.38,2026-08-03 12:16:59,SETTLED
500005,103,RELIANCE,BUY,49,2997.38,44.06,2026-08-04 15:35:42,SETTLED
500006,107,RELIANCE,BUY,14,2974.48,12.49,2026-08-04 10:03:37,SETTLED
500007,107,NIFTYBEES,BUY,8,264.52,0.63,2026-08-04 09:03:37,SETTLED
500008,105,NIFTYBEES,BUY,38,262.97,3.0,2026-08-04 13:05:54,SETTLED
500009,102,INFY,BUY,43,1866.23,24.07,2026-08-04 15:15:25,SETTLED
500010,101,NIFTYBEES,BUY,20,264.08,1.58,2026-08-04 09:39:05,SETTLED
500011,107,NIFTYBEES,BUY,41,264.3,3.25,2026-08-05 11:13:42,SETTLED
500012,107,HDFCBANK,BUY,20,1676.97,10.06,2026-08-05 10:42:41,SETTLED
500013,103,RELIANCE,BUY,9,3026.28,8.17,2026-08-05 13:36:06,SETTLED
500014,101,NIFTYBEES,SELL,9,263.27,0.71,2026-08-05 11:56:04,SETTLED
500015,102,HDFCBANK,BUY,23,1675.16,11.56,2026-08-05 15:34:45,SETTLED
500016,103,NIFTYBEES,BUY,46,264.32,3.65,2026-08-05 14:52:35,SETTLED
500017,107,INFY,BUY,13,1831.68,7.14,2026-08-06 09:47:35,SETTLED
500018,102,HDFCBANK,SELL,7,1672.23,3.51,2026-08-06 10:43:40,SETTLED
500019,108,HDFCBANK,BUY,37,1668.41,18.52,2026-08-06 15:03:05,SETTLED
500020,107,RELIANCE,BUY,7,3077.38,6.46,2026-08-06 15:08:40,SETTLED
500021,103,TCS,BUY,33,4017.64,39.77,2026-08-06 12:35:00,SETTLED
500022,101,GOLDBEES,BUY,14,64.45,0.27,2026-08-07 15:23:37,SETTLED
500023,106,TCS,BUY,32,4096.59,39.33,2026-08-07 11:23:57,SETTLED
500024,108,INFY,BUY,27,1824.36,14.78,2026-08-07 10:42:06,SETTLED
500025,108,NIFTYBEES,BUY,31,277.17,2.58,2026-08-10 14:09:59,SETTLED
500026,102,TCS,BUY,16,4120.63,19.78,2026-08-10 09:11:47,SETTLED
500027,103,RELIANCE,BUY,20,3025.57,18.15,2026-08-10 15:44:06,SETTLED
500028,105,INFY,BUY,19,1791.82,10.21,2026-08-10 12:22:19,SETTLED
500029,108,TCS,BUY,19,4085.42,23.29,2026-08-10 10:25:21,SETTLED
500030,108,INFY,BUY,22,1774.86,11.71,2026-08-11 13:25:43,SETTLED
500031,108,NIFTYBEES,BUY,6,278.6,0.5,2026-08-11 11:11:37,SETTLED
500032,103,INFY,BUY,11,1779.23,5.87,2026-08-11 11:46:50,SETTLED
500033,103,RELIANCE,BUY,37,3006.27,33.37,2026-08-11 13:12:16,SETTLED
500034,101,GOLDBEES,BUY,38,64.27,0.73,2026-08-11 13:43:46,SETTLED
500035,103,RELIANCE,SELL,22,3048.6,20.12,2026-08-12 14:54:07,SETTLED
500036,107,HDFCBANK,BUY,47,1701.14,23.99,2026-08-12 12:44:18,SETTLED
500037,106,TCS,SELL,25,4112.43,30.84,2026-08-12 10:39:36,SETTLED
500038,103,RELIANCE,BUY,5,3038.88,4.56,2026-08-12 10:27:50,SETTLED
500039,106,GOLDBEES,BUY,25,63.04,0.47,2026-08-13 12:43:13,SETTLED
500040,106,RELIANCE,BUY,15,3052.82,13.74,2026-08-13 11:32:42,SETTLED
500041,107,NIFTYBEES,BUY,20,270.28,1.62,2026-08-13 10:51:12,SETTLED
500042,102,INFY,SELL,31,1784.92,16.6,2026-08-13 15:04:29,SETTLED
500043,105,GOLDBEES,BUY,41,62.87,0.77,2026-08-13 14:24:31,SETTLED
500044,105,TCS,SELL,1,4033.58,1.21,2026-08-13 15:49:56,SETTLED
500045,101,RELIANCE,BUY,19,3038.1,17.32,2026-08-13 14:33:29,SETTLED
500046,106,TCS,BUY,12,4044.42,14.56,2026-08-14 15:29:42,SETTLED
500047,106,NIFTYBEES,BUY,43,269.11,3.47,2026-08-14 15:57:28,SETTLED
500048,106,GOLDBEES,BUY,32,63.39,0.61,2026-08-14 13:28:57,SETTLED
500049,107,RELIANCE,BUY,20,3053.66,18.32,2026-08-17 11:49:49,SETTLED
500050,106,RELIANCE,BUY,22,3041.49,20.07,2026-08-17 14:18:15,SETTLED
500051,103,HDFCBANK,BUY,25,1727.01,12.95,2026-08-17 09:08:09,SETTLED
500052,102,RELIANCE,BUY,49,3032.75,44.58,2026-08-17 10:04:26,SETTLED
500053,103,NIFTYBEES,BUY,8,258.38,0.62,2026-08-18 12:24:57,SETTLED
500054,108,NIFTYBEES,BUY,6,260.06,0.47,2026-08-18 15:36:24,SETTLED
500055,105,INFY,BUY,24,1820.55,13.11,2026-08-18 15:57:53,SETTLED
500056,105,NIFTYBEES,BUY,39,259.92,3.04,2026-08-18 10:31:14,SETTLED
500057,103,RELIANCE,BUY,29,2982.59,25.95,2026-08-18 14:51:25,SETTLED
500058,107,TCS,BUY,34,4130.29,42.13,2026-08-18 13:34:01,SETTLED
500059,106,NIFTYBEES,BUY,10,261.58,0.78,2026-08-19 10:55:29,SETTLED
500060,102,INFY,SELL,6,1796.12,3.23,2026-08-19 11:21:48,SETTLED
500061,105,HDFCBANK,BUY,31,1691.67,15.73,2026-08-19 09:30:01,SETTLED
500062,107,NIFTYBEES,SELL,23,260.49,1.8,2026-08-19 09:49:41,SETTLED
500063,101,INFY,BUY,20,1795.89,10.78,2026-08-19 09:39:09,SETTLED
500064,102,TCS,BUY,12,4080.78,14.69,2026-08-19 10:29:44,SETTLED
500065,108,HDFCBANK,SELL,8,1679.85,4.03,2026-08-20 10:19:06,SETTLED
500066,106,INFY,BUY,24,1811.73,13.04,2026-08-20 12:25:45,SETTLED
500067,102,INFY,BUY,42,1813.81,22.85,2026-08-20 14:15:06,SETTLED
500068,107,HDFCBANK,BUY,43,1680.32,21.68,2026-08-20 15:36:50,SETTLED
500069,101,HDFCBANK,BUY,39,1674.0,19.59,2026-08-20 11:04:32,SETTLED
500070,101,RELIANCE,BUY,11,3021.64,9.97,2026-08-21 11:40:57,SETTLED
500071,108,RELIANCE,BUY,50,3013.16,45.2,2026-08-21 10:46:33,SETTLED
500072,107,HDFCBANK,BUY,39,1664.1,19.47,2026-08-21 12:27:52,SETTLED
500073,107,NIFTYBEES,SELL,16,259.2,1.24,2026-08-21 09:17:56,SETTLED
500074,105,TCS,BUY,41,4012.36,49.35,2026-08-21 12:21:01,SETTLED
500075,108,HDFCBANK,SELL,7,1648.51,3.46,2026-08-24 11:21:17,SETTLED
500076,106,GOLDBEES,BUY,40,59.92,0.72,2026-08-24 10:05:15,SETTLED
500077,107,RELIANCE,BUY,20,3030.09,18.18,2026-08-24 14:45:31,SETTLED
500078,105,INFY,SELL,15,1854.57,8.35,2026-08-24 10:19:42,SETTLED
500079,106,HDFCBANK,BUY,35,1651.79,17.34,2026-08-24 11:27:47,SETTLED
500080,106,HDFCBANK,BUY,34,1647.13,16.8,2026-08-24 11:14:07,SETTLED
500081,103,INFY,BUY,49,1868.81,27.47,2026-08-25 10:47:30,SETTLED
500082,103,GOLDBEES,BUY,42,61.41,0.77,2026-08-25 13:38:18,SETTLED
500083,101,TCS,SELL,6,3943.16,7.1,2026-08-25 09:45:34,SETTLED
500084,102,HDFCBANK,SELL,2,1663.43,1.0,2026-08-25 14:08:40,SETTLED
500085,101,INFY,BUY,35,1888.42,19.83,2026-08-26 11:11:03,SETTLED
500086,103,RELIANCE,SELL,5,2926.66,4.39,2026-08-26 09:36:40,SETTLED
500087,107,INFY,SELL,13,1890.01,7.37,2026-08-26 11:05:15,SETTLED
500088,101,NIFTYBEES,BUY,43,256.37,3.31,2026-08-26 13:14:49,SETTLED
500089,106,RELIANCE,BUY,33,2923.63,28.94,2026-08-26 13:27:19,SETTLED
500090,106,NIFTYBEES,SELL,7,257.27,0.54,2026-08-26 10:40:13,SETTLED
500091,107,INFY,BUY,15,1871.72,8.42,2026-08-27 13:04:10,SETTLED
500092,101,RELIANCE,BUY,43,2906.78,37.5,2026-08-27 09:14:18,SETTLED
500093,107,HDFCBANK,BUY,34,1623.55,16.56,2026-08-27 10:59:16,SETTLED
500094,108,GOLDBEES,BUY,42,61.42,0.77,2026-08-27 10:27:07,SETTLED
500095,106,TCS,BUY,22,3930.27,25.94,2026-08-27 09:03:10,SETTLED
500096,106,GOLDBEES,BUY,23,61.91,0.43,2026-08-28 12:44:19,SETTLED
500097,107,RELIANCE,BUY,37,2909.15,32.29,2026-08-28 12:05:38,SETTLED
500098,101,RELIANCE,BUY,43,2900.73,37.42,2026-08-28 09:14:43,SETTLED
500099,108,NIFTYBEES,BUY,6,251.35,0.45,2026-08-28 14:52:17,SETTLED
500100,106,INFY,BUY,16,1892.99,9.09,2026-08-28 14:28:58,SETTLED
500101,102,NIFTYBEES,BUY,32,246.95,2.37,2026-08-31 12:05:30,SETTLED
500102,103,RELIANCE,BUY,47,2883.45,40.66,2026-08-31 10:21:26,SETTLED
500103,107,RELIANCE,SELL,26,2903.98,22.65,2026-08-31 13:02:29,SETTLED
500104,101,HDFCBANK,SELL,8,1648.47,3.96,2026-08-31 12:55:32,SETTLED
500105,108,INFY,BUY,39,1893.16,22.15,2026-08-31 09:12:33,SETTLED
500106,106,RELIANCE,BUY,8,2902.4,6.97,2026-09-01 13:08:59,SETTLED
500107,103,RELIANCE,BUY,36,2900.01,31.32,2026-09-01 14:38:51,SETTLED
500108,102,GOLDBEES,BUY,15,61.86,0.28,2026-09-01 09:35:26,SETTLED
500109,101,TCS,BUY,12,4068.0,14.64,2026-09-01 09:41:53,SETTLED
500110,102,RELIANCE,BUY,23,2911.29,20.09,2026-09-01 11:26:53,SETTLED
500111,105,TCS,BUY,14,4053.86,17.03,2026-09-02 13:32:47,SETTLED
500112,102,INFY,SELL,27,1888.09,15.29,2026-09-02 15:32:17,SETTLED
500113,108,INFY,SELL,20,1897.5,11.38,2026-09-02 13:42:31,SETTLED
500114,108,TCS,BUY,35,4052.29,42.55,2026-09-02 13:48:34,SETTLED
500115,105,RELIANCE,BUY,25,2999.17,22.49,2026-09-02 14:15:36,SETTLED
500116,105,TCS,BUY,31,4040.06,37.57,2026-09-02 14:30:45,SETTLED
500117,105,GOLDBEES,BUY,46,60.85,0.84,2026-09-03 12:02:08,SETTLED
500118,106,NIFTYBEES,BUY,11,250.54,0.83,2026-09-03 12:06:33,SETTLED
500119,105,INFY,BUY,31,1902.05,17.69,2026-09-03 10:04:30,SETTLED
500120,108,HDFCBANK,BUY,49,1673.92,24.61,2026-09-03 09:54:21,SETTLED
500121,108,GOLDBEES,BUY,29,60.84,0.53,2026-09-03 14:45:56,SETTLED
500122,108,RELIANCE,BUY,7,2969.75,6.24,2026-09-03 10:40:43,SETTLED
500123,102,GOLDBEES,SELL,2,61.84,0.04,2026-09-04 14:55:06,SETTLED
500124,105,TCS,BUY,6,3975.55,7.16,2026-09-04 15:03:18,SETTLED
500125,103,HDFCBANK,BUY,20,1660.71,9.96,2026-09-04 13:43:50,SETTLED
500126,102,TCS,SELL,20,4008.49,24.05,2026-09-04 13:43:15,SETTLED
500127,105,NIFTYBEES,SELL,30,247.92,2.23,2026-09-04 12:16:42,SETTLED
500128,108,RELIANCE,BUY,48,2988.67,43.04,2026-09-07 09:28:22,SETTLED
500129,106,HDFCBANK,BUY,32,1652.98,15.87,2026-09-07 12:54:19,SETTLED
500130,102,RELIANCE,BUY,11,2979.43,9.83,2026-09-07 13:22:36,SETTLED
500131,107,HDFCBANK,SELL,26,1628.66,12.7,2026-09-08 13:55:43,SETTLED
500132,108,GOLDBEES,BUY,43,62.44,0.81,2026-09-08 15:57:57,SETTLED
500133,103,TCS,BUY,27,4144.37,33.57,2026-09-08 10:39:16,SETTLED
500134,107,GOLDBEES,BUY,47,62.4,0.88,2026-09-08 10:40:06,SETTLED
500135,107,GOLDBEES,SELL,29,62.0,0.54,2026-09-08 11:46:08,SETTLED
500136,103,HDFCBANK,BUY,16,1615.83,7.76,2026-09-09 15:34:56,SETTLED
500137,103,NIFTYBEES,BUY,22,250.26,1.65,2026-09-09 11:58:52,SETTLED
500138,105,HDFCBANK,BUY,26,1625.61,12.68,2026-09-09 12:04:09,SETTLED
500139,108,GOLDBEES,BUY,30,62.63,0.56,2026-09-10 15:35:23,SETTLED
500140,101,RELIANCE,SELL,35,2897.04,30.42,2026-09-10 11:43:47,SETTLED
500141,107,HDFCBANK,BUY,45,1628.41,21.98,2026-09-10 09:43:14,SETTLED
500142,105,INFY,BUY,40,1938.89,23.27,2026-09-10 13:14:41,SETTLED
500143,107,RELIANCE,BUY,24,2990.81,21.53,2026-09-11 09:08:02,SETTLED
500144,101,HDFCBANK,BUY,12,1640.15,5.9,2026-09-11 13:08:24,SETTLED
500145,105,HDFCBANK,BUY,49,1654.12,24.32,2026-09-11 12:37:47,SETTLED
500006,107,RELIANCE,BUY,14,2974.48,12.49,2026-08-04 10:03:37,SETTLED
500146,107,NIFTYBEES,buy ,41,264.3,3.25,2026-08-05 11:13:42,SETTLED
