application_id,client_id,requested_account_type,account_id,event_type,event_ts
7001,1037,ADVISORY,,APPLIED,2026-08-03 11:20:05
7001,1037,ADVISORY,,KYC_SUBMITTED,2026-08-04 14:23:01
7001,1037,ADVISORY,,KYC_APPROVED,2026-08-07 11:35:29
7001,1037,ADVISORY,50048,ACCOUNT_OPENED,2026-08-10 12:45:01
7002,1038,RETIREMENT,,APPLIED,2026-08-06 12:21:33
7002,1038,RETIREMENT,,KYC_SUBMITTED,2026-08-07 13:18:32
7002,1038,RETIREMENT,,KYC_APPROVED,2026-08-10 09:07:58
7002,1038,RETIREMENT,50049,ACCOUNT_OPENED,2026-08-12 15:14:56
7003,1039,PMS,,APPLIED,2026-08-09 09:05:16
7003,1039,PMS,,KYC_SUBMITTED,2026-08-10 11:02:57
7003,1039,PMS,,KYC_APPROVED,2026-08-13 15:11:17
7003,1039,PMS,50050,ACCOUNT_OPENED,2026-08-17 15:08:52
7004,1040,RETIREMENT,,APPLIED,2026-08-12 12:54:58
7004,1040,RETIREMENT,,KYC_SUBMITTED,2026-08-13 14:52:16
7004,1040,RETIREMENT,,KYC_APPROVED,2026-08-16 12:09:34
7004,1040,RETIREMENT,50051,ACCOUNT_OPENED,2026-08-18 13:36:31
7005,1003,ADVISORY,,APPLIED,2026-09-01 09:17:03
7005,1003,ADVISORY,,KYC_SUBMITTED,2026-09-03 15:44:11
7006,1016,PMS,,APPLIED,2026-09-05 09:17:01
7006,1016,PMS,,KYC_SUBMITTED,2026-09-07 14:05:51
7006,1016,PMS,,KYC_APPROVED,2026-09-10 11:05:38
7007,1022,RETIREMENT,,APPLIED,2026-09-09 09:16:55
7008,1009,BROKERAGE,,APPLIED,2026-09-13 12:00:21
7008,1009,BROKERAGE,,KYC_SUBMITTED,2026-09-15 13:26:59
7008,1009,BROKERAGE,,REJECTED,2026-09-19 11:39:08
7009,1030,BROKERAGE,,APPLIED,2026-09-17 13:45:15
7009,1030,BROKERAGE,,KYC_SUBMITTED,2026-09-19 09:10:16
7009,1030,BROKERAGE,,REJECTED,2026-09-23 09:11:12
