account_id,client_id,holder_role,ownership_pct
50001,1001,PRIMARY,100.0
50002,1002,PRIMARY,100.0
50003,1003,PRIMARY,100.0
50004,1003,PRIMARY,100.0
50005,1004,PRIMARY,100.0
50006,1005,PRIMARY,100.0
50007,1006,PRIMARY,100.0
50008,1007,PRIMARY,60.0
50009,1008,PRIMARY,100.0
50010,1008,PRIMARY,100.0
50011,1009,PRIMARY,100.0
50012,1009,PRIMARY,60.0
50013,1010,PRIMARY,100.0
50014,1011,PRIMARY,100.0
50015,1012,PRIMARY,100.0
50016,1012,PRIMARY,60.0
50017,1013,PRIMARY,100.0
50018,1013,PRIMARY,100.0
50019,1014,PRIMARY,100.0
50020,1015,PRIMARY,100.0
50021,1016,PRIMARY,100.0
50022,1017,PRIMARY,100.0
50023,1017,PRIMARY,100.0
50024,1018,PRIMARY,100.0
50025,1019,PRIMARY,100.0
50026,1020,PRIMARY,100.0
50027,1021,PRIMARY,100.0
50028,1022,PRIMARY,60.0
50029,1023,PRIMARY,100.0
50030,1023,PRIMARY,100.0
50031,1024,PRIMARY,100.0
50032,1025,PRIMARY,100.0
50033,1025,PRIMARY,100.0
50034,1026,PRIMARY,60.0
50035,1027,PRIMARY,100.0
50036,1027,PRIMARY,100.0
50037,1028,PRIMARY,100.0
50038,1028,PRIMARY,100.0
50039,1029,PRIMARY,100.0
50040,1030,PRIMARY,100.0
50041,1031,PRIMARY,100.0
50042,1032,PRIMARY,100.0
50043,1033,PRIMARY,100.0
50044,1034,PRIMARY,100.0
50045,1035,PRIMARY,60.0
50046,1036,PRIMARY,100.0
50047,1036,PRIMARY,100.0
50048,1037,PRIMARY,100.0
50049,1038,PRIMARY,100.0
50050,1039,PRIMARY,60.0
50051,1040,PRIMARY,100.0
50050,1011,JOINT,40.0
50008,1029,JOINT,40.0
50028,1034,JOINT,40.0
50034,1027,JOINT,40.0
50012,1023,JOINT,40.0
50045,1027,JOINT,40.0
50016,1014,JOINT,40.0
